{"main":"american-flights-api-ss.raml","name":"American Flights API - SS","organizationId":"a620c56d-c679-4886-a792-979cb13dbae2","groupId":"a620c56d-c679-4886-a792-979cb13dbae2","assetId":"american-flights-api-ss","version":"1.0.1","metadata":{"branchId":"master","commitId":"5c6ae6a7e62da426760160eb37c51dcb3f9d7dd9","projectId":"b973b940-a104-4e92-ac9c-64f068bc5696"},"apiVersion":"v1","classifier":"raml","dependencies":[{"assetId":"training-american-flight-data-type","groupId":"68ef9520-24e9-4cf2-b2f5-620025690913","version":"1.0.1"},{"assetId":"training-american-flights-example","groupId":"68ef9520-24e9-4cf2-b2f5-620025690913","version":"1.0.1"}],"tags":[],"originalFormatVersion":"1.0"}